id,name,category,shape,altMax,altMin,spaceType,timeValid,daysActive,timeRange,capacity.small,capacity.medium,capacity.large,czml
KY2600685,德清莫干山机场,禁飞区,圆形,0,0,C,否,nan,nan,0,0,0,
KY25000043,拘留所,禁飞区,圆形,120,0,WG,是,"Monday,Tuesday,Wednesday,Thursday,Friday,Saturday,Sunday",00:00:00-23:59:59,1325550,26496,780,"{""id"": ""KY25000043"", ""name"": ""拘留所"", ""position"": {""cartographicDegrees"": [120.0103682164834, 30.58961353850464, 60.0]}, ""ellipse"": {""semiMinorAxis"": ""300"", ""semiMajorAxis"": ""300"", ""material"": {""solidColor"": {""color"": {""rgba"": [255, 165, 0, 100]}}}, ""extrudedHeight"": 120, ""height"": 0}}"
KY25000024,新市派出所,禁飞区,多边形,120,0,WG,是,"Monday,Tuesday,Wednesday,Thursday,Friday,Saturday,Sunday",00:00:00-23:59:59,42600,840,20,"{""id"": ""KY25000024"", ""name"": ""新市派出所"", ""polygon"": {""positions"": {""cartographicDegrees"": [120.28553620676816, 30.621020976179302, 0, 120.28559978191892, 30.62025516230537, 0, 120.286436792973, 30.620255143977243, 0, 120.2866081157256, 30.62028475652783, 0, 120.28663755148324, 30.620915179286364, 0, 120.2866033038324, 30.62107173050877, 0, 120.28615786599946, 30.62110135674911, 0, 120.28601101510188, 30.62106751050423, 0, 120.28553620676816, 30.621020976179302, 0]}, ""material"": {""solidColor"": {""color"": {""rgba"": [255, 0, 0, 100]}}}, ""extrudedHeight"": 120, ""height"": 0}}"
KY25000028,新安派出所,禁飞区,多边形,120,0,WG,是,"Monday,Tuesday,Wednesday,Thursday,Friday,Saturday,Sunday",00:00:00-23:59:59,41775,816,20,"{""id"": ""KY25000028"", ""name"": ""新安派出所"", ""polygon"": {""positions"": {""cartographicDegrees"": [120.214994873419, 30.53395522792871, 0, 120.21509977615926, 30.533142109671093, 0, 120.21611110470882, 30.53338199343231, 0, 120.21610663216028, 30.53412650360533, 0, 120.214994873419, 30.53395522792871, 0]}, ""material"": {""solidColor"": {""color"": {""rgba"": [255, 0, 0, 100]}}}, ""extrudedHeight"": 120, ""height"": 0}}"
KY25000023,武康派出所,禁飞区,多边形,120,0,WG,是,"Monday,Tuesday,Wednesday,Thursday,Friday,Saturday,Sunday",00:00:00-23:59:59,2138250,42744,1260,"{""id"": ""KY25000023"", ""name"": ""武康派出所"", ""polygon"": {""positions"": {""cartographicDegrees"": [119.96306379506062, 30.537477526372136, 0, 119.9624498498991, 30.53747128071892, 0, 119.96184911409166, 30.537362003524944, 0, 119.96128466951008, 30.537153893526444, 0, 119.96077820329384, 30.536854946854454, 0, 119.96034917443338, 30.53647664973403, 0, 119.9600140660547, 30.536033537068555, 0, 119.9597857521494, 30.535542633886138, 0, 119.95967300307814, 30.535022801126917, 0, 119.95959501419172, 30.534248373847714, 0, 119.9596027021282, 30.533715380737704, 0, 119.95973189761652, 30.53319409175821, 0, 119.95997755588436, 30.532704854358673, 0, 119.96033008664595, 30.532266764626566, 0, 119.96077572865514, 30.531896921993827, 0, 119.96129708696355, 30.531609761907372, 0, 119.96187381189728, 30.53141649249281, 0, 119.96248339325012, 30.531324657180154, 0, 119.96436172698505, 30.53120436041531, 0, 119.96496537761344, 30.531215960990593, 0, 119.96555522930088, 30.53132710848787, 0, 119.96610936471384, 30.53153367297499, 0, 119.96660719333046, 30.53182797905237, 0, 119.9670302164035, 30.53219909098748, 0, 119.96736271427966, 30.53263321897993, 0, 119.9675923305501, 30.53311423147677, 0, 119.96771053132346, 30.53362425451684, 0, 119.96779878878546, 30.534378145599646, 0, 119.96779968075846, 30.534911769747236, 0, 119.96767861717488, 30.535435107322577, 0, 119.96744033222788, 30.535927684955144, 0, 119.96709414626292, 30.536370232328743, 0, 119.96665360138108, 30.536745436133128, 0, 119.96613593178525, 30.53703861748589, 0, 119.96556138957249, 30.5372383063049, 0, 119.96495245234694, 30.537336690141174, 0, 119.96306379506062, 30.537477526372136, 0]}, ""material"": {""solidColor"": {""color"": {""rgba"": [255, 0, 0, 100]}}}, ""extrudedHeight"": 120, ""height"": 0}}"
KY25000025,洛舍派出所,禁飞区,多边形,120,0,WG,是,"Monday,Tuesday,Wednesday,Thursday,Friday,Saturday,Sunday",00:00:00-23:59:59,24675,480,10,"{""id"": ""KY25000025"", ""name"": ""洛舍派出所"", ""polygon"": {""positions"": {""cartographicDegrees"": [120.08057275641065, 30.63933872613051, 0, 120.08005864280098, 30.63849299957381, 0, 120.08052005759458, 30.6383056548395, 0, 120.0809443627532, 30.63898276053449, 0, 120.08103108873163, 30.639175459926275, 0, 120.08057275641065, 30.63933872613051, 0]}, ""material"": {""solidColor"": {""color"": {""rgba"": [255, 0, 0, 100]}}}, ""extrudedHeight"": 120, ""height"": 0}}"
KY25000052,阜溪派出所,禁飞区,多边形,120,0,WG,是,"Monday,Tuesday,Wednesday,Thursday,Friday,Saturday,Sunday",00:00:00-23:59:59,150525,3000,80,"{""id"": ""KY25000052"", ""name"": ""阜溪派出所"", ""polygon"": {""positions"": {""cartographicDegrees"": [119.99601395722844, 30.553941114671577, 0, 119.99573694322636, 30.55212572941073, 0, 119.99574207194946, 30.552125729305615, 0, 119.9959933889894, 30.552125721696846, 0, 119.99634215758496, 30.55216121910867, 0, 119.99672683250056, 30.5522366619905, 0, 119.99693199208936, 30.552320988915177, 0, 119.9972910268076, 30.552476326606403, 0, 119.99742951562212, 30.55261835722788, 0, 119.99759877988384, 30.552773702224577, 0, 119.99775266410578, 30.553084400164263, 0, 119.99788603473782, 30.55340397533258, 0, 119.99790144500784, 30.553892224862334, 0, 119.99601395722844, 30.553941114671577, 0]}, ""material"": {""solidColor"": {""color"": {""rgba"": [255, 0, 0, 100]}}}, ""extrudedHeight"": 120, ""height"": 0}}"
KY25000042,看守所,禁飞区,圆形,120,0,WG,是,"Monday,Tuesday,Wednesday,Thursday,Friday,Saturday,Sunday",00:00:00-23:59:59,1325550,26496,780,"{""id"": ""KY25000042"", ""name"": ""看守所"", ""position"": {""cartographicDegrees"": [120.010828033468, 30.58760058994963, 60.0]}, ""ellipse"": {""semiMinorAxis"": ""300"", ""semiMajorAxis"": ""300"", ""material"": {""solidColor"": {""color"": {""rgba"": [255, 165, 0, 100]}}}, ""extrudedHeight"": 120, ""height"": 0}}"
KY25000021,舞阳派出所,禁飞区,多边形,120,0,WG,是,"Monday,Tuesday,Wednesday,Thursday,Friday,Saturday,Sunday",00:00:00-23:59:59,36525,720,20,"{""id"": ""KY25000021"", ""name"": ""舞阳派出所"", ""polygon"": {""positions"": {""cartographicDegrees"": [119.95910870787144, 30.521342721250925, 0, 119.95906611873598, 30.520725914868695, 0, 119.95904838321415, 30.52065533630713, 0, 119.96009812304035, 30.520587809378107, 0, 119.9601194646652, 30.52132736490162, 0, 119.95910870787144, 30.521342721250925, 0]}, ""material"": {""solidColor"": {""color"": {""rgba"": [255, 0, 0, 100]}}}, ""extrudedHeight"": 120, ""height"": 0}}"
KY25000029,莫干山派出所,禁飞区,多边形,120,0,WG,是,"Monday,Tuesday,Wednesday,Thursday,Friday,Saturday,Sunday",00:00:00-23:59:59,32625,648,10,"{""id"": ""KY25000029"", ""name"": ""莫干山派出所"", ""polygon"": {""positions"": {""cartographicDegrees"": [119.89686932477608, 30.604599950619697, 0, 119.89640457084998, 30.60409554519795, 0, 119.89735647149168, 30.603584660680628, 0, 119.89742387268028, 30.60357485685118, 0, 119.89761796523727, 30.604171219108643, 0, 119.89686932477608, 30.604599950619697, 0]}, ""material"": {""solidColor"": {""color"": {""rgba"": [255, 0, 0, 100]}}}, ""extrudedHeight"": 120, ""height"": 0}}"
KY25000016,德清县政府,禁飞区,多边形,120,0,WG,是,"Monday,Tuesday,Wednesday,Thursday,Friday,Saturday,Sunday",00:00:00-23:59:59,4103400,82056,2430,"{""id"": ""KY25000016"", ""name"": ""德清县政府"", ""polygon"": {""positions"": {""cartographicDegrees"": [119.96755741489436, 30.54698419368221, 0, 119.96718491511004, 30.543756390333396, 0, 119.96718566187236, 30.543216341583147, 0, 119.9673112799678, 30.54268724013851, 0, 119.96755673426831, 30.542190285567447, 0, 119.9679121885416, 30.541745389094057, 0, 119.96836339979268, 30.54137037590147, 0, 119.96889228906582, 30.541080271047715, 0, 119.96947766581616, 30.54088669758541, 0, 119.97009607682968, 30.5407974109793, 0, 119.97434227098286, 30.540556196590696, 0, 119.97495320680513, 30.540572953534625, 0, 119.9755487348182, 30.540691571338552, 0, 119.97610618208944, 30.54090753400666, 0, 119.97660432515715, 30.541212619404934, 0, 119.97702419792012, 30.541595212225143, 0, 119.97734981367488, 30.542040746119103, 0, 119.97756877382324, 30.54253225818675, 0, 119.97767274007154, 30.543051034724467, 0, 119.97793442166322, 30.546124410414755, 0, 119.97792085432584, 30.546640589628737, 0, 119.9777933606612, 30.54714509099515, 0, 119.9775566082137, 30.547619437914097, 0, 119.97721926629416, 30.5480462578872, 0, 119.97679368866488, 30.548409918829623, 0, 119.97629546120544, 30.54869710166622, 0, 119.97574283111148, 30.5488972882265, 0, 119.97515603853076, 30.54900314655408, 0, 119.97102063352295, 30.54939879110002, 0, 119.97040204354704, 30.54940503658074, 0, 119.96979408993796, 30.549306475475827, 0, 119.96922048083252, 30.549106951346356, 0, 119.96870358473296, 30.54881424494616, 0, 119.96826355805892, 30.548439770730923, 0, 119.96791755905564, 30.54799813164695, 0, 119.96767907872844, 30.54750654957837, 0, 119.96755741489436, 30.54698419368221, 0]}, ""material"": {""solidColor"": {""color"": {""rgba"": [255, 0, 0, 100]}}}, ""extrudedHeight"": 120, ""height"": 0}}"
KY25000051,县公安局,禁飞区,多边形,120,0,WG,是,"Monday,Tuesday,Wednesday,Thursday,Friday,Saturday,Sunday",00:00:00-23:59:59,128850,2568,70,"{""id"": ""KY25000051"", ""name"": ""县公安局"", ""polygon"": {""positions"": {""cartographicDegrees"": [119.9876436238621, 30.543993107516357, 0, 119.98758080026762, 30.542866925241732, 0, 119.9878469803128, 30.54286073201824, 0, 119.98796881747164, 30.542812938684644, 0, 119.98809460047347, 30.54231059746997, 0, 119.98925263876332, 30.54222201587569, 0, 119.989372376672, 30.54385675063327, 0, 119.9876436238621, 30.543993107516357, 0]}, ""material"": {""solidColor"": {""color"": {""rgba"": [255, 0, 0, 100]}}}, ""extrudedHeight"": 120, ""height"": 0}}"
KY2600477,德清莫干山机场,禁飞区,圆形,120,0,WG,是,"Monday,Tuesday,Wednesday,Thursday,Friday,Saturday,Sunday",00:00:00-23:59:59,478915425,9578304,283800,"{""id"": ""KY2600477"", ""name"": ""德清莫干山机场"", ""position"": {""cartographicDegrees"": [120.1076832422069, 30.50265199224461, 60.0]}, ""ellipse"": {""semiMinorAxis"": 5700.669339142262, ""semiMajorAxis"": 5700.669339142262, ""material"": {""solidColor"": {""color"": {""rgba"": [255, 165, 0, 100]}}}, ""extrudedHeight"": 120, ""height"": 0}}"
KY2600478,康乾派出所,禁飞区,多边形,120,0,WG,是,"Monday,Tuesday,Wednesday,Thursday,Friday,Saturday,Sunday",00:00:00-23:59:59,296550,5928,170,"{""id"": ""KY2600478"", ""name"": ""康乾派出所"", ""polygon"": {""positions"": {""cartographicDegrees"": [120.05306311755452, 30.54264395535704, 0, 120.0554250344557, 30.542018355148684, 0, 120.05635295953984, 30.54196616984443, 0, 120.05628073694224, 30.54276888874158, 0, 120.05626877869508, 30.543592457134636, 0, 120.0561483003242, 30.54390521319224, 0, 120.05566626369432, 30.544082464604156, 0, 120.05516011723672, 30.544176315242225, 0, 120.05477448657764, 30.54430143294856, 0, 120.05419604606875, 30.544499531444032, 0, 120.05388271829702, 30.54455166826172, 0, 120.0538104113002, 30.544562096164217, 0, 120.05306311755452, 30.54264395535704, 0]}, ""material"": {""solidColor"": {""color"": {""rgba"": [255, 0, 0, 100]}}}, ""extrudedHeight"": 120, ""height"": 0}}"
KY2600479,下渚湖派出所,禁飞区,多边形,120,0,WG,是,"Monday,Tuesday,Wednesday,Thursday,Friday,Saturday,Sunday",00:00:00-23:59:59,43950,864,20,"{""id"": ""KY2600479"", ""name"": ""下渚湖派出所"", ""polygon"": {""positions"": {""cartographicDegrees"": [120.01708335325296, 30.50853654678458, 0, 120.01716129254066, 30.507940578887062, 0, 120.01720351923484, 30.507887166943092, 0, 120.0181390779179, 30.508069876731764, 0, 120.01815534961632, 30.508469064354035, 0, 120.01818460251944, 30.5086770944177, 0, 120.01825933563022, 30.508887937239695, 0, 120.01825933889737, 30.508927295030382, 0, 120.01805143310058, 30.508952599385697, 0, 120.01793123511752, 30.50893011072389, 0, 120.01756739159109, 30.508803608360715, 0, 120.01717756266554, 30.50861807107597, 0, 120.01708335325296, 30.50853654678458, 0]}, ""material"": {""solidColor"": {""color"": {""rgba"": [255, 0, 0, 100]}}}, ""extrudedHeight"": 120, ""height"": 0}}"
KY2600480,女子戒毒所,禁飞区,多边形,120,0,WG,是,"Monday,Tuesday,Wednesday,Thursday,Friday,Saturday,Sunday",00:00:00-23:59:59,1818225,36360,1070,"{""id"": ""KY2600480"", ""name"": ""女子戒毒所"", ""polygon"": {""positions"": {""cartographicDegrees"": [119.97264790409, 30.532580668740145, 0, 119.97262727616156, 30.532381891210026, 0, 119.97263273960024, 30.53185365557535, 0, 119.97275759754427, 30.531336462354236, 0, 119.97299706154556, 30.53085013886953, 0, 119.9733419499273, 30.530413328724563, 0, 119.97377903998527, 30.5300427771532, 0, 119.97429157501438, 30.529752689174384, 0, 119.9748599067064, 30.52955418513964, 0, 119.97546224829182, 30.52945487452738, 0, 119.97701741944124, 30.52933253344051, 0, 119.97761384498855, 30.529334726929587, 0, 119.97819897554868, 30.52943426075692, 0, 119.97875159593072, 30.529627526116755, 0, 119.9792516693942, 30.52990751574054, 0, 119.97968106399848, 30.530264077903993, 0, 119.9800242099634, 30.530684284428396, 0, 119.98026866422, 30.531152899346537, 0, 119.98040556168226, 30.531652931255632, 0, 119.98043800760787, 30.531856802715115, 0, 119.9804601458565, 30.53240198922614, 0, 119.98035450614488, 30.532939866964806, 0, 119.98012540541217, 30.533448445218617, 0, 119.97978220857244, 30.533906930830252, 0, 119.97933894589596, 30.53429657839757, 0, 119.9788137395418, 30.534601456788817, 0, 119.97822806266454, 30.53480910061308, 0, 119.97760586138448, 30.534911019988147, 0, 119.97603879927614, 30.53502827251307, 0, 119.97542577548812, 30.535022267045026, 0, 119.97482585207564, 30.534913528315215, 0, 119.97426201148856, 30.534706222007493, 0, 119.9737558535569, 30.534408289803576, 0, 119.97332676788513, 30.534031145077815, 0, 119.9729911910072, 30.533589235579058, 0, 119.97276197677397, 30.53309948986882, 0, 119.97264790409, 30.532580668740145, 0]}, ""material"": {""solidColor"": {""color"": {""rgba"": [255, 0, 0, 100]}}}, ""extrudedHeight"": 120, ""height"": 0}}"
KY2600481,钟管派出所,禁飞区,多边形,120,0,WG,否,"Monday,Tuesday,Wednesday,Thursday,Friday,Saturday,Sunday",00:00:00-23:59:59,48300,960,20,"{""id"": ""KY2600481"", ""name"": ""钟管派出所"", ""polygon"": {""positions"": {""cartographicDegrees"": [120.1780615494496, 30.64600166534079, 0, 120.17823164745968, 30.64503834853345, 0, 120.1791048214744, 30.645358900617847, 0, 120.1792000654846, 30.645462986798385, 0, 120.17912431745452, 30.64589328494991, 0, 120.17898956865244, 30.646255308712412, 0, 120.17804341023592, 30.646056461612034, 0, 120.1780615494496, 30.64600166534079, 0]}, ""material"": {""solidColor"": {""color"": {""rgba"": [255, 0, 0, 100]}}}, ""extrudedHeight"": 120, ""height"": 0}}"
KY2600482,禹越派出所,禁飞区,多边形,120,0,WG,否,"Monday,Tuesday,Wednesday,Thursday,Friday,Saturday,Sunday",00:00:00-23:59:59,6825,120,1,"{""id"": ""KY2600482"", ""name"": ""禹越派出所"", ""polygon"": {""positions"": {""cartographicDegrees"": [120.26677404592454, 30.516417165110298, 0, 120.26670751160614, 30.51609091059384, 0, 120.26710419758336, 30.51602765115893, 0, 120.26718628113856, 30.516362022422307, 0, 120.26677404592454, 30.516417165110298, 0]}, ""material"": {""solidColor"": {""color"": {""rgba"": [255, 0, 0, 100]}}}, ""extrudedHeight"": 120, ""height"": 0}}"
KY2600573,武警,禁飞区,圆形,120,0,WG,否,"Monday,Tuesday,Wednesday,Thursday,Friday,Saturday,Sunday",00:00:00-23:59:59,1877025,37536,1110,"{""id"": ""KY2600573"", ""name"": ""武警"", ""position"": {""cartographicDegrees"": [120.01249698264176, 30.589045913408462, 60.0]}, ""ellipse"": {""semiMinorAxis"": 356.98304016642226, ""semiMajorAxis"": 356.98304016642226, ""material"": {""solidColor"": {""color"": {""rgba"": [255, 165, 0, 100]}}}, ""extrudedHeight"": 120, ""height"": 0}}"
KY25000055,德清县轻轨,限飞区,多边形,120,0,WG,是,"Monday,Tuesday,Wednesday,Thursday,Friday,Saturday,Sunday",00:00:00-23:59:59,5569125,111360,3300,"{""id"": ""KY25000055"", ""name"": ""德清县轻轨"", ""polygon"": {""positions"": {""cartographicDegrees"": [119.9724998, 30.4970512, 0, 119.98699839798752, 30.49657354492542, 0, 119.98710621291114, 30.496556770581133, 0, 120.00119432820438, 30.492564928454676, 0, 120.0124892282003, 30.489661127888507, 0, 120.02309294030654, 30.48711759501168, 0, 120.02315855864356, 30.48709641221866, 0, 120.0232201614696, 30.48706543531274, 0, 120.02642954354512, 30.485129587257656, 0, 120.02650932051236, 30.48506831210633, 0, 120.02657345989014, 30.48499081921062, 0, 120.02661874457436, 30.484900995460713, 0, 120.02787255506732, 30.48151613857861, 0, 120.02787999720935, 30.481494348148896, 0, 120.0317341630605, 30.46918658326179, 0, 120.04484920686198, 30.45984005860441, 0, 120.04490868667148, 30.45978931388548, 0, 120.05367123877213, 30.45088431614613, 0, 120.06139876015726, 30.45205207881862, 0, 120.06148669231344, 30.452056638468196, 0, 120.06157382442142, 30.45204395579271, 0, 120.06165680804313, 30.452014518180288, 0, 120.0617324541645, 30.45196945690185, 0, 120.06179785574756, 30.45191050363706, 0, 120.06185049944612, 30.45183992392682, 0, 120.0618883621924, 30.451760430109815, 0, 120.06190998894223, 30.451675077088854, 0, 120.06191454859182, 30.45158714493267, 0, 120.06190186591634, 30.451500012824702, 0, 120.0618724283039, 30.451417029203004, 0, 120.06182736702549, 30.451341383081612, 0, 120.06176841376067, 30.45127598149855, 0, 120.06169783405043, 30.451223337799988, 0, 120.06161834023344, 30.451185475053727, 0, 120.06153298721247, 30.45116384830387, 0, 120.05357890773428, 30.44996184876926, 0, 120.05349441341905, 30.449957142797587, 0, 120.053410536085, 30.449968369030984, 0, 120.0533302532003, 30.449995128961884, 0, 120.05325641463764, 30.450036472669304, 0, 120.05319164150994, 30.450090932539, 0, 120.04429590448764, 30.459131280278317, 0, 120.03108994641929, 30.46854259560281, 0, 120.03101759397497, 30.468606980508923, 0, 120.03096072599035, 30.46868537900801, 0, 120.03092198661872, 30.46877414585664, 0, 120.02702617353911, 30.481214905616227, 0, 120.025830964147, 30.484441559691255, 0, 120.02281575356652, 30.486260286598966, 0, 120.01226908151094, 30.488790197898183, 0, 120.0009547209874, 30.491699140411207, 0, 119.98691419909066, 30.495677497034375, 0, 119.9718888859438, 30.496167248131037, 0, 119.97180444467844, 30.496178072662065, 0, 119.9717235625886, 30.496204635517852, 0, 119.97164914532136, 30.496245982441582, 0, 119.97158386627844, 30.49630062806649, 0, 119.97153007057555, 30.496366609276837, 0, 119.97148969079548, 30.49644155573189, 0, 119.9714641775608, 30.496522775019148, 0, 119.97145444742124, 30.496607349377857, 0, 119.97118579502728, 30.510288936807147, 0, 119.97119270349872, 30.510376715662908, 0, 119.97121660403106, 30.510461460096646, 0, 119.97125657814024, 30.510539913427305, 0, 119.97131108964363, 30.51060906073738, 0, 119.9713780436948, 30.510666244734523, 0, 119.97145486728706, 30.5107092678698, 0, 119.97153860813286, 30.51073647678824, 0, 119.97162604811844, 30.51074682586637, 0, 119.9717138269742, 30.510739917394925, 0, 119.97179857140792, 30.510716016862585, 0, 119.9718770247386, 30.510676042753406, 0, 119.97194617204866, 30.510621531249985, 0, 119.97200335604582, 30.510554577198825, 0, 119.97204637918108, 30.51047775360657, 0, 119.97207358809952, 30.51039401276078, 0, 119.97208393717766, 30.510306572775203, 0, 119.9723442, 30.4971026, 0, 119.9724998, 30.4970512, 0]}, ""material"": {""solidColor"": {""color"": {""rgba"": [255, 0, 0, 100]}}}, ""extrudedHeight"": 120, ""height"": 0}}"
KY25000033,监视居住点1,限飞区,多边形,120,0,WG,是,"Monday,Tuesday,Wednesday,Thursday,Friday,Saturday,Sunday",00:00:00-23:59:59,6900,120,1,"{""id"": ""KY25000033"", ""name"": ""监视居住点1"", ""polygon"": {""positions"": {""cartographicDegrees"": [119.87335299208355, 30.593881146506433, 0, 119.87335180914968, 30.593879786449055, 0, 119.87335094448632, 30.593878259151115, 0, 119.87335042895442, 30.59387661912366, 0, 119.87335028095384, 30.59387492490119, 0, 119.87335050576684, 30.593873236952504, 0, 119.87335109536964, 30.593871615522435, 0, 119.87335202871856, 30.59387011848173, 0, 119.87335327250128, 30.59386879926152, 0, 119.87335478232576, 30.59386770494629, 0, 119.87335650430455, 30.59386687459345, 0, 119.87386736787136, 30.59367258316574, 0, 119.8738692848756, 30.59367203768296, 0, 119.87387128797351, 30.59367181979345, 0, 119.87387330235492, 30.593671937634763, 0, 119.8738752527883, 30.59367238680588, 0, 119.8738770664303, 30.593673150531473, 0, 119.87387867554646, 30.593674200288525, 0, 119.87402823836833, 30.59379301235388, 0, 119.87402987186177, 30.593794666604683, 0, 119.8740309972016, 30.593796609623535, 0, 119.87408865489606, 30.593936256900783, 0, 119.87408915701828, 30.593938020320405, 0, 119.87408923743456, 30.593939834617867, 0, 119.87408889286716, 30.59394162584486, 0, 119.87408813736016, 30.59394332099336, 0, 119.87408700170704, 30.593944850971376, 0, 119.87408553219548, 30.593946153419065, 0, 119.87408378872075, 30.593947175250385, 0, 119.8740818423446, 30.59394787481686, 0, 119.87407977239872, 30.59394822360509, 0, 119.87361424492715, 30.59398527053216, 0, 119.873612070009, 30.59398524788139, 0, 119.87360994767327, 30.59398483807366, 0, 119.873399909994, 30.593923927915217, 0, 119.87339828739628, 30.593923321327697, 0, 119.8733968069494, 30.593922487786767, 0, 119.87339551109828, 30.59392145119034, 0, 119.87335299208355, 30.593881146506433, 0]}, ""material"": {""solidColor"": {""color"": {""rgba"": [255, 0, 0, 100]}}}, ""extrudedHeight"": 120, ""height"": 0}}"
KY25000032,监视居住点2,限飞区,多边形,120,0,WG,是,"Monday,Tuesday,Wednesday,Thursday,Friday,Saturday,Sunday",00:00:00-23:59:59,2400,48,1,"{""id"": ""KY25000032"", ""name"": ""监视居住点2"", ""polygon"": {""positions"": {""cartographicDegrees"": [119.8890697989668, 30.602774174243297, 0, 119.88906818820408, 30.602773035790328, 0, 119.88906687201693, 30.602771644809252, 0, 119.8890659027778, 30.602770056648705, 0, 119.8890653190538, 30.60276833450334, 0, 119.88906514407188, 30.602766546899197, 0, 119.88906538479482, 30.602764764966988, 0, 119.88906603164386, 30.602763059611725, 0, 119.88906705888026, 30.60276149869133, 0, 119.88914191728318, 30.60267033914851, 0, 119.88914322920628, 30.602669029561905, 0, 119.88914480807398, 30.60266796029675, 0, 119.88914659551452, 30.602667170884477, 0, 119.88914852544512, 30.60266669051015, 0, 119.88915052651495, 30.60266653693352, 0, 119.88915252474324, 30.60266671583239, 0, 119.88915444625424, 30.602667220592775, 0, 119.88936989171512, 30.602743989285425, 0, 119.88937158095422, 30.602744753556685, 0, 119.88937308051266, 30.602745769532554, 0, 119.88937434036472, 30.602747003319777, 0, 119.88937531848136, 30.60274841375887, 0, 119.88937598223232, 30.602749953797176, 0, 119.88937630947468, 30.602751572058565, 0, 119.88939386545032, 30.602938004236105, 0, 119.8893938240338, 30.6029398104323, 0, 119.88939336404324, 30.602941573061553, 0, 119.88939250404034, 30.602943220997417, 0, 119.8893912787284, 30.6029446877416, 0, 119.88938973755172, 30.602945914107327, 0, 119.88938794270062, 30.602946850607708, 0, 119.88938596660176, 30.60294745945264, 0, 119.88938388899568, 30.60294771607371, 0, 119.88938179371888, 30.60294761011563, 0, 119.88937976532098, 30.60294714585406, 0, 119.8893778856529, 30.60294634202311, 0, 119.88923683066962, 30.602869931732013, 0, 119.88923660382817, 30.602869805296063, 0, 119.8890697989668, 30.602774174243297, 0]}, ""material"": {""solidColor"": {""color"": {""rgba"": [255, 0, 0, 100]}}}, ""extrudedHeight"": 120, ""height"": 0}}"
KY25000030,环中制水有限公司,限飞区,多边形,120,0,WG,是,"Monday,Tuesday,Wednesday,Thursday,Friday,Saturday,Sunday",00:00:00-23:59:59,212925,4248,120,"{""id"": ""KY25000030"", ""name"": ""环中制水有限公司"", ""polygon"": {""positions"": {""cartographicDegrees"": [119.94456783566366, 30.54615459427023, 0, 119.94422939023497, 30.545476990936944, 0, 119.94722258207528, 30.54486192059686, 0, 119.94749765405072, 30.54609422733125, 0, 119.94749274768844, 30.546704290314967, 0, 119.94615446606568, 30.546627945834285, 0, 119.9453660680624, 30.546625157334212, 0, 119.94456783566366, 30.54615459427023, 0]}, ""material"": {""solidColor"": {""color"": {""rgba"": [255, 0, 0, 100]}}}, ""extrudedHeight"": 120, ""height"": 0}}"
KY25000020,体育馆,限飞区,圆形,120,0,WG,是,"Monday,Tuesday,Wednesday,Thursday,Friday,Saturday,Sunday",00:00:00-23:59:59,101400,2016,60,"{""id"": ""KY25000020"", ""name"": ""体育馆"", ""position"": {""cartographicDegrees"": [119.99354438355267, 30.544812973103735, 60.0]}, ""ellipse"": {""semiMinorAxis"": ""83"", ""semiMajorAxis"": ""83"", ""material"": {""solidColor"": {""color"": {""rgba"": [255, 165, 0, 100]}}}, ""extrudedHeight"": 120, ""height"": 0}}"
KY25000054,德清西站,限飞区,多边形,120,0,WG,是,"Monday,Tuesday,Wednesday,Thursday,Friday,Saturday,Sunday",00:00:00-23:59:59,60000,1200,30,"{""id"": ""KY25000054"", ""name"": ""德清西站"", ""polygon"": {""positions"": {""cartographicDegrees"": [119.9534446347842, 30.53838672239305, 0, 119.95395680207704, 30.538335142845, 0, 119.95448500335937, 30.53828709970813, 0, 119.9544244186098, 30.53732453330742, 0, 119.9544090348764, 30.53718859138112, 0, 119.95330889503106, 30.53725842615674, 0, 119.9534446347842, 30.53838672239305, 0]}, ""material"": {""solidColor"": {""color"": {""rgba"": [255, 0, 0, 100]}}}, ""extrudedHeight"": 120, ""height"": 0}}"
KY25000053,德清高铁站,限飞区,多边形,120,0,WG,是,"Monday,Tuesday,Wednesday,Thursday,Friday,Saturday,Sunday",00:00:00-23:59:59,999825,19992,590,"{""id"": ""KY25000053"", ""name"": ""德清高铁站"", ""polygon"": {""positions"": {""cartographicDegrees"": [120.05616380356554, 30.55015726349812, 0, 120.05545960956358, 30.55003078735053, 0, 120.05519388687738, 30.550260766481664, 0, 120.05466241256816, 30.549875563787538, 0, 120.0543900320688, 30.549461613251605, 0, 120.05416414849974, 30.548794694818433, 0, 120.05405785128528, 30.54855322574827, 0, 120.05394491543224, 30.54833475458763, 0, 120.0538984080904, 30.548012795078137, 0, 120.05382533040552, 30.54780582111742, 0, 120.05377882300566, 30.54743424614548, 0, 120.05381202880253, 30.546819070910455, 0, 120.05413087579548, 30.545818692042317, 0, 120.05472208079811, 30.54487579749519, 0, 120.05496121433892, 30.54445609343349, 0, 120.05557235586429, 30.544249103797664, 0, 120.0558845723846, 30.544174353653368, 0, 120.05625657174588, 30.544042108393647, 0, 120.05658207464232, 30.54401334963545, 0, 120.05668171620287, 30.543984600187347, 0, 120.05662189144736, 30.542828978737507, 0, 120.05638272229162, 30.541932080130895, 0, 120.05636942955316, 30.54175959856545, 0, 120.05753192831094, 30.54170205010487, 0, 120.05839552069229, 30.541972225585976, 0, 120.05616380356554, 30.55015726349812, 0]}, ""material"": {""solidColor"": {""color"": {""rgba"": [255, 0, 0, 100]}}}, ""extrudedHeight"": 120, ""height"": 0}}"
KY25000031,英宏水务有限公司,限飞区,多边形,120,0,WG,是,"Monday,Tuesday,Wednesday,Thursday,Friday,Saturday,Sunday",00:00:00-23:59:59,57075,1128,30,"{""id"": ""KY25000031"", ""name"": ""英宏水务有限公司"", ""polygon"": {""positions"": {""cartographicDegrees"": [119.85184339079515, 30.56026913737983, 0, 119.8531398962862, 30.560142677018565, 0, 119.85360539931192, 30.561098802917517, 0, 119.85305672757596, 30.56112000380188, 0, 119.85280353312736, 30.561325649991048, 0, 119.85253687311476, 30.56103017783032, 0, 119.8519730900958, 30.560462299532073, 0, 119.85184339079515, 30.56026913737983, 0]}, ""material"": {""solidColor"": {""color"": {""rgba"": [255, 0, 0, 100]}}}, ""extrudedHeight"": 120, ""height"": 0}}"
KY25000019,德清体育中心,限飞区,圆形,120,0,WG,是,"Monday,Tuesday,Wednesday,Thursday,Friday,Saturday,Sunday",00:00:00-23:59:59,178125,3552,100,"{""id"": ""KY25000019"", ""name"": ""德清体育中心"", ""position"": {""cartographicDegrees"": [119.9918325780129, 30.5437877625632, 60.0]}, ""ellipse"": {""semiMinorAxis"": ""110"", ""semiMajorAxis"": ""110"", ""material"": {""solidColor"": {""color"": {""rgba"": [255, 165, 0, 100]}}}, ""extrudedHeight"": 120, ""height"": 0}}"
KY25000018,三人篮球馆,限飞区,多边形,120,0,WG,是,"Monday,Tuesday,Wednesday,Thursday,Friday,Saturday,Sunday",00:00:00-23:59:59,54975,1080,30,"{""id"": ""KY25000018"", ""name"": ""三人篮球馆"", ""polygon"": {""positions"": {""cartographicDegrees"": [119.96911895092478, 30.51542861401729, 0, 119.9689703368694, 30.51533951207681, 0, 119.96894993242958, 30.51522173977865, 0, 119.96893231060923, 30.51515304968573, 0, 119.9689055213324, 30.515064079239256, 0, 119.968896705965, 30.51498008660238, 0, 119.96894840731692, 30.514919203037223, 0, 119.96899757112804, 30.51487782860641, 0, 119.96905620333062, 30.514858589836468, 0, 119.96995551332628, 30.514730430622222, 0, 119.97081289565068, 30.514724078527856, 0, 119.97088132211556, 30.51496637878904, 0, 119.97089766696016, 30.515163157551378, 0, 119.97086396608778, 30.51525723824567, 0, 119.97023669571077, 30.515296000662374, 0, 119.9701081747593, 30.51534203315292, 0, 119.96999523284036, 30.515381758850083, 0, 119.96984538861426, 30.515385554709912, 0, 119.96971626979808, 30.515377156612303, 0, 119.9695976732825, 30.51536268401833, 0, 119.9694917526012, 30.515352904565955, 0, 119.96946940729516, 30.51532712719012, 0, 119.96941241897989, 30.515330648672546, 0, 119.9693578844516, 30.515377501575845, 0, 119.9692692427272, 30.51536665426335, 0, 119.96919802343444, 30.51538737998085, 0, 119.96911895092478, 30.51542861401729, 0]}, ""material"": {""solidColor"": {""color"": {""rgba"": [255, 0, 0, 100]}}}, ""extrudedHeight"": 120, ""height"": 0}}"
KY25000017,德清大剧院,限飞区,多边形,120,0,WG,是,"Monday,Tuesday,Wednesday,Thursday,Friday,Saturday,Sunday",00:00:00-23:59:59,299250,5976,170,"{""id"": ""KY25000017"", ""name"": ""德清大剧院"", ""polygon"": {""positions"": {""cartographicDegrees"": [119.96661391751393, 30.517830622161263, 0, 119.96628648080775, 30.517550825498965, 0, 119.96610549703358, 30.5171765575685, 0, 119.96615577692904, 30.516845036879097, 0, 119.96631831419836, 30.51656524124681, 0, 119.96663892129774, 30.51634069610548, 0, 119.96718940613935, 30.516281474618896, 0, 119.96765150221404, 30.51638157725994, 0, 119.96805983322258, 30.516311366058417, 0, 119.96930342556124, 30.51673886501328, 0, 119.96959603842453, 30.516804064873284, 0, 119.96969354525066, 30.51691261192463, 0, 119.96973309277811, 30.517091493579628, 0, 119.96985831299826, 30.51740595395968, 0, 119.96976394800085, 30.517883410888047, 0, 119.9693322859916, 30.51826565955826, 0, 119.96874528576278, 30.51836892035017, 0, 119.96765326361448, 30.518291220837774, 0, 119.9668503230496, 30.517995317592344, 0, 119.96661391751393, 30.517830622161263, 0]}, ""material"": {""solidColor"": {""color"": {""rgba"": [255, 0, 0, 100]}}}, ""extrudedHeight"": 120, ""height"": 0}}"
KY25000014,漂莱特(中国)有限公司,限飞区,多边形,120,0,WG,是,"Monday,Tuesday,Wednesday,Thursday,Friday,Saturday,Sunday",00:00:00-23:59:59,220650,4392,130,"{""id"": ""KY25000014"", ""name"": ""漂莱特(中国)有限公司"", ""polygon"": {""positions"": {""cartographicDegrees"": [120.104169680542, 30.545063093420247, 0, 120.1035599746555, 30.5444908746112, 0, 120.10252714647272, 30.545071178684054, 0, 120.10181119712726, 30.54570493981968, 0, 120.10105646094544, 30.54626101024588, 0, 120.1001400722437, 30.54700887563697, 0, 120.09989895441312, 30.547275682442557, 0, 120.10056347308344, 30.547914304622303, 0, 120.104169680542, 30.545063093420247, 0]}, ""material"": {""solidColor"": {""color"": {""rgba"": [255, 0, 0, 100]}}}, ""extrudedHeight"": 120, ""height"": 0}}"
KY25000013,浙江润禾有机硅新材料有限公司,限飞区,多边形,120,0,WG,是,"Monday,Tuesday,Wednesday,Thursday,Friday,Saturday,Sunday",00:00:00-23:59:59,198600,3960,110,"{""id"": ""KY25000013"", ""name"": ""浙江润禾有机硅新材料有限公司"", ""polygon"": {""positions"": {""cartographicDegrees"": [120.01481532118645, 30.55432589609769, 0, 120.01290021136606, 30.554606896972043, 0, 120.01289413224372, 30.55499809600639, 0, 120.01323550342056, 30.555856673436228, 0, 120.01343042396095, 30.556018409174396, 0, 120.01396863391562, 30.556503072998307, 0, 120.0141734354391, 30.556611611602083, 0, 120.0144450038522, 30.5566576289199, 0, 120.01485263449314, 30.556662013015895, 0, 120.01530421832162, 30.55660945137003, 0, 120.01481532118645, 30.55432589609769, 0]}, ""material"": {""solidColor"": {""color"": {""rgba"": [255, 0, 0, 100]}}}, ""extrudedHeight"": 120, ""height"": 0}}"
KY25000009,浙江金投能源有限公司,限飞区,多边形,120,0,WG,是,"Monday,Tuesday,Wednesday,Thursday,Friday,Saturday,Sunday",00:00:00-23:59:59,91575,1824,50,"{""id"": ""KY25000009"", ""name"": ""浙江金投能源有限公司"", ""polygon"": {""positions"": {""cartographicDegrees"": [120.18589193801532, 30.580152875195772, 0, 120.18611573678687, 30.58065597785583, 0, 120.18610725083046, 30.581012632514117, 0, 120.18575156526882, 30.58106005598875, 0, 120.18509174679124, 30.580972974361018, 0, 120.18420966879752, 30.580899086769342, 0, 120.18413209230316, 30.580890729091756, 0, 120.18413439998363, 30.57999139717048, 0, 120.1841096713422, 30.57993250259136, 0, 120.1843287699024, 30.57990829324036, 0, 120.18442435247717, 30.579892832103837, 0, 120.18455080686186, 30.579968317909437, 0, 120.18540119739856, 30.58005728723051, 0, 120.1858647031434, 30.58009379781403, 0, 120.18589193801532, 30.580152875195772, 0]}, ""material"": {""solidColor"": {""color"": {""rgba"": [255, 0, 0, 100]}}}, ""extrudedHeight"": 120, ""height"": 0}}"
KY25000008,德清合能石化有限公司,限飞区,多边形,120,0,WG,是,"Monday,Tuesday,Wednesday,Thursday,Friday,Saturday,Sunday",00:00:00-23:59:59,300,1,1,"{""id"": ""KY25000008"", ""name"": ""德清合能石化有限公司"", ""polygon"": {""positions"": {""cartographicDegrees"": [120.25832509273548, 30.622802467993974, 0, 120.25836876360852, 30.62269005538231, 0, 120.25842567795316, 30.622712707429177, 0, 120.25837632466244, 30.62282356490717, 0, 120.25834380125686, 30.622817311034087, 0, 120.25832509273548, 30.622802467993974, 0]}, ""material"": {""solidColor"": {""color"": {""rgba"": [255, 0, 0, 100]}}}, ""extrudedHeight"": 120, ""height"": 0}}"
KY25000005,浙江五龙新材股份有限公司,限飞区,多边形,120,0,WG,是,"Monday,Tuesday,Wednesday,Thursday,Friday,Saturday,Sunday",00:00:00-23:59:59,1414125,28272,830,"{""id"": ""KY25000005"", ""name"": ""浙江五龙新材股份有限公司"", ""polygon"": {""positions"": {""cartographicDegrees"": [120.31796636458958, 30.63068032445921, 0, 120.31872878780143, 30.630581352001386, 0, 120.31911721662676, 30.63068109565231, 0, 120.31984966130236, 30.63064095006727, 0, 120.3206709533365, 30.630514043315337, 0, 120.3211136728181, 30.63046644346243, 0, 120.32156716515225, 30.630359971179907, 0, 120.32179627897676, 30.630440112764887, 0, 120.32207349497942, 30.63032905950155, 0, 120.32193779696344, 30.6298399634858, 0, 120.3215110124943, 30.62864287314744, 0, 120.32063234653096, 30.62619673889404, 0, 120.32014330216184, 30.624819440480373, 0, 120.3191199797201, 30.621943566963083, 0, 120.31751892674342, 30.622323912568746, 0, 120.31820697230758, 30.62453130778239, 0, 120.31646333219076, 30.624906473508045, 0, 120.31628383941108, 30.624954662326104, 0, 120.31796636458958, 30.63068032445921, 0]}, ""material"": {""solidColor"": {""color"": {""rgba"": [255, 0, 0, 100]}}}, ""extrudedHeight"": 120, ""height"": 0}}"
KY25000006,湖州杭华功能材料有限公司,限飞区,多边形,120,0,WG,是,"Monday,Tuesday,Wednesday,Thursday,Friday,Saturday,Sunday",00:00:00-23:59:59,349050,6960,200,"{""id"": ""KY25000006"", ""name"": ""湖州杭华功能材料有限公司"", ""polygon"": {""positions"": {""cartographicDegrees"": [120.30983462800408, 30.630209341843337, 0, 120.31003090475627, 30.63053648460726, 0, 120.31058301440412, 30.630796384448463, 0, 120.31129312893154, 30.630975096602494, 0, 120.3120633021681, 30.631123288834974, 0, 120.31260280262524, 30.631210209768067, 0, 120.31304311619746, 30.63125551199107, 0, 120.3131645785926, 30.631258743241396, 0, 120.31296166662196, 30.628798464317317, 0, 120.3097632954088, 30.628801568987164, 0, 120.30983462800408, 30.630209341843337, 0]}, ""material"": {""solidColor"": {""color"": {""rgba"": [255, 0, 0, 100]}}}, ""extrudedHeight"": 120, ""height"": 0}}"
KY25000002,浙江拓普药业股份有限公司,限飞区,多边形,120,0,WG,是,"Monday,Tuesday,Wednesday,Thursday,Friday,Saturday,Sunday",00:00:00-23:59:59,312525,6240,180,"{""id"": ""KY25000002"", ""name"": ""浙江拓普药业股份有限公司"", ""polygon"": {""positions"": {""cartographicDegrees"": [120.18409778636048, 30.642810434951063, 0, 120.1842728095766, 30.642374826978173, 0, 120.18437413920032, 30.641212446044772, 0, 120.18435897023858, 30.63973101881467, 0, 120.18271310205527, 30.63995672776455, 0, 120.1822352394425, 30.641508417247255, 0, 120.18183005170236, 30.643062342002423, 0, 120.18409778636048, 30.642810434951063, 0]}, ""material"": {""solidColor"": {""color"": {""rgba"": [255, 0, 0, 100]}}}, ""extrudedHeight"": 120, ""height"": 0}}"
KY25000007,浙江思达包装材料有限公司,限飞区,多边形,120,0,WG,是,"Monday,Tuesday,Wednesday,Thursday,Friday,Saturday,Sunday",00:00:00-23:59:59,76875,1536,40,"{""id"": ""KY25000007"", ""name"": ""浙江思达包装材料有限公司"", ""polygon"": {""positions"": {""cartographicDegrees"": [120.3179816221708, 30.63387500596243, 0, 120.31916538254823, 30.633710990171267, 0, 120.3190548522006, 30.63246538153149, 0, 120.31788195821824, 30.632523448337476, 0, 120.3179816221708, 30.63387500596243, 0]}, ""material"": {""solidColor"": {""color"": {""rgba"": [255, 0, 0, 100]}}}, ""extrudedHeight"": 120, ""height"": 0}}"
KY25000012,浙江威昇作物科技有限公司,限飞区,多边形,120,0,WG,是,"Monday,Tuesday,Wednesday,Thursday,Friday,Saturday,Sunday",00:00:00-23:59:59,345225,6888,200,"{""id"": ""KY25000012"", ""name"": ""浙江威昇作物科技有限公司"", ""polygon"": {""positions"": {""cartographicDegrees"": [120.30994890893336, 30.63086192187119, 0, 120.31210143434296, 30.631491373011333, 0, 120.31217807746935, 30.633878722791287, 0, 120.31217474518527, 30.634468134345635, 0, 120.31005518372254, 30.634572211341272, 0, 120.3099565513641, 30.634217235585172, 0, 120.31019718646156, 30.634143879313783, 0, 120.30995742283164, 30.63111735599758, 0, 120.30995742283164, 30.63111735599758, 0, 120.30994890893336, 30.63086192187119, 0]}, ""material"": {""solidColor"": {""color"": {""rgba"": [255, 0, 0, 100]}}}, ""extrudedHeight"": 120, ""height"": 0}}"
KY25000003,浙江大桥油漆有限公司,限飞区,多边形,120,0,WG,是,"Monday,Tuesday,Wednesday,Thursday,Friday,Saturday,Sunday",00:00:00-23:59:59,452775,9048,260,"{""id"": ""KY25000003"", ""name"": ""浙江大桥油漆有限公司"", ""polygon"": {""positions"": {""cartographicDegrees"": [120.31229351574412, 30.63448162768464, 0, 120.31303071700478, 30.63443391324923, 0, 120.3138575612438, 30.63440211722339, 0, 120.31468240223188, 30.634343486283992, 0, 120.3154575573044, 30.634216752254293, 0, 120.31538639639189, 30.633340544564717, 0, 120.31532491124516, 30.63141218996508, 0, 120.31320354277388, 30.63154476959271, 0, 120.3130000737878, 30.63157725372787, 0, 120.31219551234848, 30.631417044687502, 0, 120.31229351574412, 30.63448162768464, 0]}, ""material"": {""solidColor"": {""color"": {""rgba"": [255, 0, 0, 100]}}}, ""extrudedHeight"": 120, ""height"": 0}}"
KY25000011,湖州远邦新材料有限公司,限飞区,多边形,120,0,WG,是,"Monday,Tuesday,Wednesday,Thursday,Friday,Saturday,Sunday",00:00:00-23:59:59,138300,2760,80,"{""id"": ""KY25000011"", ""name"": ""湖州远邦新材料有限公司"", ""polygon"": {""positions"": {""cartographicDegrees"": [120.28927509806137, 30.63101801775413, 0, 120.29000414050996, 30.63091321486122, 0, 120.29013080403466, 30.630878953214363, 0, 120.29028653612176, 30.630845543731713, 0, 120.29033810175726, 30.63083084525172, 0, 120.2897939482284, 30.628766238083603, 0, 120.28832207386108, 30.628937888479157, 0, 120.28927509806137, 30.63101801775413, 0]}, ""material"": {""solidColor"": {""color"": {""rgba"": [255, 0, 0, 100]}}}, ""extrudedHeight"": 120, ""height"": 0}}"
